Category,
Milk,57.18749519
Buttermilk,74.99881609
Kefir,42.12022071
Goat's milk,38.93451667
Non-dairy milk,46.81116191
Soy milk,41.47388822
Almond milk,60.10075091
Rice milk,22.94881379
Coconut milk,7.198702172
Yogurt,7.353286065
Chipotle dip,18.96517031
Dill dip,26.51194569
Onion dip,24.7286666
Ranch dip,63.76779096
Spinach dip,34.2820389
Tzatziki dip,19.57894894
Vegetable dip,24.05721591
Yogurt parfait,26.61551761
Frozen yogurt,54.18544644
Frozen yogurt sandwich,56.18400193
Frozen yogurt bar,87.81858557
Frozen yogurt cone,59.43225973
Chocolate milk,22.58035699
Hot chocolate / Cocoa,39.90823445
Strawberry milk,85.542143
Eggnog,41.77829739
Milk shake,21.42297716
Milk shake with malt,81.41804932
Licuado or Batido,18.95012124
Fruit smoothie,11.65600926
Fruit smoothie juice drink,14.04871084
Chocolate milk drink,48.12115811
Infant formula,25.96790314
Whey,70.68921448
Cocoa powder,63.0657701
Chocolate beverage powder,50.21248337
Strawberry beverage powder,63.98067853
Cream,56.80925779
Coffee creamer,67.31886426
Whipped topping,86.82777185
Sour cream,54.855402
Dip,59.92208802
Ice cream,16.03766025
Gelato,10.05350428
Ice cream bar,79.60992654
Ice cream candy bar,73.13640613
Ice cream sandwich,45.75611199
Ice cream cookie sandwich,43.78248521
Ice cream cone,55.38536491
Ice cream soda,83.06782985
Ice cream sundae,14.42230341
Banana split,6.111222542
Light ice cream,30.25229442
Soft serve,75.29596399
Light ice cream sandwich,66.77806794
Light ice cream bar,71.41679753
Creamsicle,33.61787606
Fudgesicle,59.44333268
Light ice cream cone,39.59051061
Sherbet,21.39807292
Pudding,47.3628082
Custard,54.64191073
Flan,28.5738711
Creme brulee,77.89886709
Firni,87.99225366
Banana pudding,75.10502655
Mousse,45.49885612
Milk dessert or milk candy,73.24537099
Barfi or Burfi,23.38851438
Trifle,76.14300448
Tiramisu,69.59559848
Custard pudding,52.1205187
White sauce or gravy,44.90536482
Cheese,47.94187283
Queso Anejo,24.21994596
Queso Asadero,55.57857375
Queso Fresco,16.67210757
Queso cotija,24.7496408
Cottage cheese,27.37824576
Puerto Rican white cheese,45.2798911
Cream cheese,65.12211122
Cheese spread,70.04028576
Cream cheese spread,14.65953896
Imitation cheese,50.11089549
Cheese ball,13.05238921
Artichoke dip,74.2994617
Spinach and artichoke dip,44.14316957
Seafood dip,77.81222344
Cheese dip with chili pepper,42.41976887
Cheese dip,59.58700515
Topping from cheese pizza,75.581237
Topping from vegetable pizza,39.28975959
Topping from meat pizza,49.33859634
Topping from meat and vegetable pizza,61.85052155
Cheese fondue,20.2363781
Cheese souffle,66.75097766
Welsh rarebit,60.35980423
Cheese sandwich,63.61292502
Grilled cheese sandwich,12.76535952
Cheese sauce,13.03111279
Alfredo sauce,82.35199286
Alfredo sauce with added vegetables,33.0861779
Alfredo sauce with meat,49.20690288
Alfredo sauce with meat and added vegetables,48.80257725
Alfredo sauce with poultry,65.54499719
Alfredo sauce with poultry and added vegetables,76.53331421
Alfredo sauce with seafood,86.49334271
Alfredo sauce with seafood and added vegetables,53.92288879
Mozzarella sticks,55.20068496
Mozzarella cheese,44.44440788
Cheddar cheese soup,14.01615231
Beer cheese soup,52.74140561
Meat,30.71846595
Meat sticks,13.46617879
Ground meat,43.34076832
Beef,30.48989374
Steak,83.30579411
Beef steak,31.43328207
Corned beef,74.36956347
Beef brisket,40.37371154
Ground beef,37.59226361
Ground beef patty,9.099068438
Beef jerky,65.33719476
Pork,88.28580328
Pork jerky,20.66612542
Pork chop,76.80447832
Pork steak or cutlet,53.78964611
Ham,78.82081486
Pork roast,40.50268894
Fried pork chunks,30.92960388
Pork roll,16.67197749
Canadian bacon,52.09508665
Bacon,20.81261677
Pork bacon,47.04312585
Bacon or side pork,57.97397999
Salt pork,49.45040002
Fat back,16.00687597
Pork ears,36.0495307
Pork skin rinds,75.94543903
Pork skin,77.37258833
Meat stick,66.0502976
Lamb,9.813571996
Lamb chop,8.310452016
Lamb hocks,6.482562787
Goat,55.06697197
Goat head,82.05501504
Goat ribs,80.63602126
Veal,36.91621919
Veal chop,40.70815357
Veal cutlet or steak,40.71561706
Mock chicken legs,85.09728736
Veal patty,42.90426356
Rabbit,75.73226282
Venison/deer,12.313328
Venison/deer steak,48.60447126
Venison/deer jerky,32.84993602
Deer sausage,11.66328605
Deer chop,6.65189331
Venison/deer ribs,61.55721237
Moose,56.64621334
Bear,76.07233549
Caribou,9.351722565
Bison,61.82365812
Ground hog,25.0351633
Opossum,76.9419628
Squirrel,25.63229153
Beaver,26.55782909
Raccoon,21.4348533
Armadillo,58.26743805
Wild pig,58.83497765
Ostrich,75.41766272
Chicken,28.06722089
Chicken breast,18.21517454
Chicken leg,68.6932329
Chicken drumstick,83.4511872
Chicken thigh,41.95803589
Chicken wing,62.51494498
"Chicken ""wings"" with hot sauce",31.0359396
"Chicken ""wings"" with other sauces or seasoning",70.09732102
"Chicken ""wings""",48.65031602
Chicken skin,40.65453507
Chicken feet,88.12942124
Chicken patty,55.8761761
Chicken fillet,13.02455955
Chicken nuggets,44.77630692
Chicken tenders or strips,26.09156179
Fried chicken chunks,11.98299494
Turkey,58.66541855
Turkey light or dark meat,72.28299664
Turkey bacon,85.2498915
Turkey with barbecue sauce,69.32093224
Duck,56.14301453
Goose,45.59719353
Cornish game hen,58.8815015
Dove,71.73700807
Quail,71.75330214
Pheasant,51.07228891
Chicken stick,38.59055621
Turkey stick,69.59007625
Beef liver,40.19712932
Chicken liver,68.09990143
Liver paste or pate,79.95740298
Heart,33.34819813
Kidney,38.03199314
Sweetbreads,34.99958907
Brains,76.17840492
Tongue,27.24931437
Tongue pot roast,45.24050221
Tripe,34.65245554
Chitterlings,21.14146393
Hog maws,20.83046966
Gizzard,85.26315339
Frankfurter or hot dog,86.4518019
Beef sausage,9.795992007
Beef sausage with cheese,52.12697692
Blood sausage,29.20181856
Bratwurst,28.15738012
Bologna,10.49544784
Turkey or chicken and beef sausage,39.40227288
Chorizo,7.058862897
Head cheese,44.79765154
Knockwurst,35.81987814
Mortadella,86.89740265
Pastrami,31.39822555
Pepperoni,60.24000237
Polish sausage,45.27805153
Italian sausage,72.07462407
Sausage,37.21865022
Pork sausage,75.02652699
Pork sausage rice links,8.497116846
Pork and beef sausage,86.43297831
Salami,6.48235412
Scrapple,64.86033413
Thuringer,25.2648687
Turkey or chicken sausage,85.5785928
Turkey or chicken and pork sausage,38.94010633
Turkey or chicken,15.98766115
Vienna sausage,33.75536385
Pickled sausage,8.051108856
Luncheon meat,74.46344412
Ham luncheon meat,76.1794496
Ham and pork,84.70123253
Liverwurst,20.36654197
Turkey ham,15.09095029
Meat spread or potted meat,32.76328092
Chicken salad spread,79.102829
Ham salad spread,29.43844935
Fish,59.75155366
Fish stick,79.03493244
Anchovy,66.23230005
Barracuda,50.94041448
Carp,56.34816514
Catfish,28.97074668
Cod,59.19142922
Croaker,57.32104605
Eel,19.67855809
Flounder,60.46117326
Haddock,61.12491129
Halibut,8.765116249
Herring,78.73502467
Mackerel,71.81109526
Mullet,12.63307346
Ocean perch,28.69413446
Perch,26.27955229
Pike,71.35432408
Pompano,71.90133179
Porgy,39.62373258
Ray,22.47921043
Salmon,31.61597865
Sardines,39.53988922
Sea bass,13.48531639
Shark,11.23197929
Sturgeon,43.35342252
Swordfish,67.21242399
Trout,71.31470256
Tuna,84.66339635
Whiting,12.75064309
Tilapia,42.47688519
Frog legs,14.00419005
Octopus,84.31726472
Roe,42.92760133
Squid,8.831263598
Turtle,15.39520246
Abalone,26.89230812
Clams,51.23554208
Crab,27.80817455
Crayfish,70.75819103
Lobster,61.29918169
Mussels,53.70843788
Oysters,23.58628062
Scallops,38.63449927
Shrimp,86.3425981
Snails,29.63229086
Beef with tomato-based sauce,45.52326522
Beef goulash,13.35922806
Beef burgundy,76.82261193
Beef stew,27.03007124
Chili con carne,53.59730602
Chili con carne with beans,43.7472379
Chili con carne without beans,85.36054619
Chili con carne with beans and cheese,71.74170952
Beef sloppy joe,42.38056779
Beef with gravy,87.25286167
Salisbury steak with gravy,55.34269663
Beef with cream or white sauce,84.86012362
Beef stroganoff,78.54104411
Creamed chipped or dried beef,67.71629038
Swedish meatballs with cream or white sauce,48.11041732
Beef with mushroom sauce,32.6276135
Beef with soy-based sauce,85.54687366
Steak teriyaki,52.57076651
Beef curry,31.42091914
Beef curry with rice,6.676840555
Beef with barbecue sauce,86.69277921
Beef with sweet and sour sauce,39.67380283
Stewed seasoned ground beef,74.41026825
Steak tartare,83.77988613
Meatballs,63.7028103
Stewed dried beef,20.94917504
Stuffed pot roast,59.97582229
Ham or pork with gravy,88.65372467
Ham or pork with barbecue sauce,18.08178102
Sweet and sour pork,31.99538606
Ham stroganoff,77.03810739
Ham or pork with mushroom sauce,47.51934218
Ham or pork with tomato-based sauce,58.73307416
Sausage with tomato-based sauce,56.73409343
Sausage gravy,66.44252811
Pork stew,15.23532503
Pork or ham with soy-based sauce,15.63556698
Frankfurters or hot dogs with tomato-based sauce,8.372997198
Pork with chili and tomatoes,82.59888097
Stewed pork,54.76038247
Lamb or mutton with gravy,26.48237137
Lamb or mutton goulash,74.42992801
Stewed goat,41.93374761
Veal with gravy,6.172184896
Veal scallopini,42.42599604
Veal with cream sauce,27.77926322
Veal with butter sauce,43.06786964
Veal Marsala,32.49112213
Veal parmigiana,81.2396183
Veal cordon bleu,45.20713348
Venison or deer with tomato-based sauce,11.09482258
Venison or deer with gravy,62.51807463
Chili con carne with venison/deer and beans,24.52674182
Chicken or turkey cacciatore,12.60518954
Spaghetti sauce with poultry,22.26847483
Spaghetti sauce with poultry and added vegetables,36.52603083
Stewed chicken with tomato-based sauce,80.73699505
Chili con carne with chicken or turkey and beans,22.80787252
Chicken with gravy,50.71388858
Chicken or turkey fricassee,53.47543688
Turkey with gravy,16.1330029
Chicken or turkey with cream sauce,36.9455306
Chicken or turkey with mushroom sauce,85.49178682
Chicken or turkey with teriyaki,37.27854883
Sweet and sour chicken or turkey,86.51963151
Chicken curry,20.20996237
Chicken curry with rice,80.29500602
Chicken with mole sauce,76.35495382
Chicken or turkey with cheese sauce,9.850739687
Chicken or turkey cordon bleu,48.00733841
Chicken or turkey parmigiana,25.78522613
Orange chicken,14.92122921
Sesame chicken,11.0099368
Chicken kiev,8.15421744
Stuffed chicken,25.43378317
Fish with cream or white sauce,78.51280108
Crab imperial,85.68153374
Fish timbale or mousse,81.24446406
Lobster newburg,79.65447601
Lobster with butter sauce,6.731351328
Shrimp cocktail,52.02087772
Tuna with cream or white sauce,6.298724042
Seafood newburg,54.61861378
Seafood sauce,8.643578845
Spaghetti sauce with seafood,37.29643829
Spaghetti sauce with seafood and added vegetables,28.96703819
Shrimp with lobster sauce,36.89835692
Sweet and sour shrimp,13.09808242
Fish sauce,57.91016201
Shrimp scampi,66.62654662
Fish moochim,21.91217058
Fish with tomato-based sauce,35.29858561
Fish curry,33.51306408
Fish curry with rice,11.76929552
Mussels with tomato-based sauce,13.07091028
Sardines with tomato-based sauce,43.01398167
Sardines with mustard sauce,49.93300465
Shrimp teriyaki,43.4626785
Scallops with cheese sauce,29.44890889
Ceviche,41.69746965
Crabs in tomato-based sauce,30.97251746
Shrimp in garlic sauce,26.91585715
Stewed codfish,40.56359119
Meat with barbecue sauce,75.65705343
Meat loaf,64.76760041
Meat with tomato-based sauce,15.84194301
Spaghetti sauce with meat,79.93369711
Spaghetti sauce with meat and added vegetables,78.86101885
Stewed,18.63600589
Meat with gravy,53.44324497
Beef and potatoes,83.18976114
Beef stew with potatoes,44.09617259
Beef goulash with potatoes,62.88441527
Beef and potatoes with cream sauce,80.59009107
Corned beef hash,28.52684482
Beef and potatoes with cheese sauce,87.72545225
Beef and noodles,19.47410184
Beef and macaroni with cheese sauce,8.418959594
Beef and noodles with tomato-based sauce,37.17347804
Chili con carne with beans and macaroni,47.65987215
Beef goulash with noodles,83.84834259
Beef and noodles with gravy,30.61401901
Beef and noodles with cream or white sauce,80.19477157
Beef stroganoff with noodles,71.85887605
Beef and noodles with mushroom sauce,69.83761691
Beef and noodles with soy-based sauce,63.33704032
Beef and rice,23.97138046
Biryani with meat,42.9801246
Beef and rice with tomato-based sauce,62.9663758
Porcupine balls with tomato-based sauce,69.90890453
Chili con carne with beans and rice,71.54922596
Beef and rice with gravy,9.934153026
Beef and rice with cream sauce,8.155740768
Beef and rice with mushroom sauce,50.22976486
Porcupine balls with mushroom sauce,14.03174001
Beef and rice with soy-based sauce,7.879886292
Beef and rice with cheese sauce,32.11116913
Meat loaf made with beef,69.91128046
Beef wellington,64.44913716
Corned beef patty,56.29828409
Stewed corned beef,60.98400521
Meat loaf made with ham,31.75743029
Ham and noodles with cream or white sauce,79.63576299
Ham and rice with mushroom sauce,16.44270954
Ham or pork with stuffing,21.17851782
Ham croquette,11.81397607
Pork and rice with tomato-based sauce,24.00017765
Sausage and rice with tomato-based sauce,9.489941023
Sausage and rice with mushroom sauce,17.89711503
Sausage and rice with cheese sauce,77.24978562
Sausage and noodles with cream or white sauce,45.34065251
Ham and noodles,17.9548861
Ham or pork and rice,53.3168056
Ham or pork and potatoes with gravy,63.62639214
Ham or pork and potatoes with cheese sauce,68.14283044
Stewed pig's feet,20.81564827
Stuffed pork roast,36.87458129
Lamb or mutton loaf,56.08983815
Lamb or mutton and potatoes with gravy,29.74767958
Lamb or mutton and potatoes with tomato-based sauce,17.29266862
Lamb or mutton and noodles with gravy,81.75262265
Meat loaf made with venison/deer,31.28074815
Veal and noodles with cream or white sauce,74.61662771
Venison or deer and noodles with cream or white sauce,38.22965511
Chicken or turkey hash,37.37260633
Chicken or turkey and potatoes with gravy,18.00231231
Chicken or turkey and noodles,51.59680945
Chicken or turkey and noodles with gravy,19.31016395
Chicken or turkey and noodles with mushroom sauce,58.20867979
Chicken or turkey and noodles with cream or white sauce,6.119763513
Chicken or turkey and noodles with cheese sauce,60.03483865
Chicken or turkey tetrazzini,35.65372714
Chicken or turkey and noodles with tomato-based sauce,14.72224651
Chicken or turkey and noodles with soy-based sauce,14.22318228
Chicken or turkey and rice,11.95644471
Biryani with chicken,33.22113907
Chicken or turkey and rice with cream sauce,74.50804629
Chicken or turkey and rice with mushroom sauce,29.22088769
Chicken or turkey and rice with tomato-based sauce,26.14547645
Chicken or turkey and rice with soy-based sauce,46.83693803
Chicken or turkey with dumplings,42.8359647
Chicken or turkey with stuffing,72.79165625
Chicken or turkey cake,33.89588561
Chicken or turkey souffle,35.76139628
Meat loaf made with chicken or turkey,71.81833228
Codfish ball or cake,16.99446218
Crab cake,21.53960417
Fish cake or patty,82.94015119
Gefilte fish,29.68996586
Salmon cake or patty,49.82646531
Salmon loaf,51.34409446
Scallops and noodles with cheese sauce,32.5811404
Shrimp and noodles,66.71922285
Shrimp and noodles with gravy,78.03224544
Shrimp and noodles with mushroom sauce,78.85509096
Shrimp and noodles with cream or white sauce,55.20997534
Shrimp and noodles with soy-based sauce,14.81705441
Shrimp and noodles with cheese sauce,7.834197361
Shrimp and noodles with tomato sauce,40.339983
Tuna loaf,63.999199
Tuna cake or patty,75.87920374
Clam cake or patty,40.09347541
Oyster fritter,47.11767104
Flounder with crab stuffing,23.96059614
Lobster with bread stuffing,80.36597445
Clams Casino,21.39405849
Mackerel cake or patty,51.08091286
Haddock cake or patty,14.77183458
Shrimp cake or patty,30.41088309
Shrimp with crab stuffing,17.5570026
Shrimp toast,23.42043628
Seafood restructured,8.356785543
Seafood souffle,49.88702366
Tuna noodle casserole with cream or white sauce,83.36043748
Tuna noodle casserole with mushroom sauce,37.72584575
Tuna and rice with mushroom sauce,25.7345992
Fish and rice with tomato-based sauce,13.12639266
Fish and rice with cream sauce,84.12017898
Fish and rice with mushroom sauce,81.23327041
Fish and noodles with mushroom sauce,12.14933702
Shellfish and noodles with tomato-based sauce,38.05420857
Stewed salmon,70.54207546
Meat loaf made with beef and pork,85.04525135
Hash,33.00183401
Vienna sausages stewed with potatoes,11.45227033
Liver dumpling,70.6390038
Breaded brains,75.12167744
Beef stew with potatoes and vegetables including carrots,10.18239018
Beef stew with potatoes and vegetables excluding carrots,41.97626781
Shepherd's pie with beef,56.9634497
Beef chow mein or chop suey with noodles,62.53459017
Stuffed cabbage rolls with beef and rice,62.25785375
Stuffed grape leaves with beef and rice,19.30169655
Beef pot pie,41.43473033
Stuffed green pepper,80.11762754
Ham pot pie,75.62355782
Ham or pork,64.89847947
Pork chow mein or chop suey with noodles,61.0714431
Sweet and sour pork with rice,28.79922107
Shepherd's pie with lamb,74.05789567
Lamb or mutton stew with potatoes and vegetables including carrots,82.856851
Lamb or mutton,25.08640698
Lamb or mutton stew with potatoes and vegetables excluding carrots,87.52095804
Stuffed grape leaves with lamb and rice,11.71936121
Veal fricassee,25.85210657
Veal stew with potatoes and vegetables including carrots,62.94955895
Veal stew with potatoes and vegetables excluding carrots,37.2936932
Rabbit stew with potatoes and vegetables,86.80186158
Stewed rabbit,8.659904442
Venison or deer stew with potatoes and vegetables including carrots,46.72499544
Venison or deer stew with potatoes and vegetables excluding carrots,63.36005469
Venison or deer,21.08925286
Chicken or turkey,74.34073592
Chicken or turkey stew with potatoes and vegetables including carrots,8.861027752
Chicken or turkey stew with potatoes and vegetables excluding carrots,57.81735906
Chicken or turkey chow mein or chop suey with noodles,45.85463541
Chicken or turkey pot pie,88.64854611
Chicken fricassee,49.80089049
Paella with seafood,78.94329406
Seafood stew with potatoes and vegetables excluding carrots,22.7016028
Shrimp chow mein or chop suey with noodles,57.29639442
Shrimp creole,16.72760268
Tuna pot pie,15.72320835
Tuna noodle casserole with vegetables,50.8073237
Bouillabaisse,20.30608267
Oyster pie,85.7802705
Seafood stew with potatoes and vegetables including carrots,66.43239639
Tuna noodle casserole with vegetables and mushroom sauce,34.1680929
Codfish with starchy vegetables,83.68867332
Biscayne codfish,67.91609323
Stew,69.80800491
Goulash,65.23478672
Meat pie,84.85447421
Chow mein or chop suey,76.94134583
Paella,48.9210743
Brunswick stew,37.10590646
Stewed variety meats,47.6205027
Stewed tripe,37.83284867
Gumbo with rice,18.85051612
Jambalaya with meat and rice,18.88411831
Beef and vegetables including carrots,25.02329496
Beef and vegetables excluding carrots,26.73736139
Beef shish kabob with vegetables,80.51760467
Beef with vegetables including carrots,10.05498128
Swiss steak,12.71398808
Beef rolls,31.72350358
Beef with vegetables excluding carrots,51.29481565
Beef and broccoli,85.02450105
Szechuan beef,6.568819117
Hunan beef,71.44945174
Beef chow mein or chop suey,60.94377883
Kung Pao beef,56.99331907
Beef and vegetables,59.57882869
Pepper steak,45.42770716
Beef salad,75.86478727
Beef taco filling: beef,29.26468923
Stir fried beef and vegetables in soy sauce,58.63851262
Seasoned shredded soup meat,18.82154294
Beef stew with vegetables excluding potatoes,47.12198982
Corned beef with tomato sauce and onion,52.30709339
Beef steak with onions,33.10234199
Cabbage with ham hocks,7.657616472
Ham or pork salad,6.848835772
Frankfurters or hot dogs and sauerkraut,14.1224347
Pork and vegetables including carrots,13.64394322
Greens with ham or pork,60.96546187
Pork and vegetables,31.45845114
Pork and watercress with soy-based sauce,35.79944543
Kung Pao pork,25.60494568
Moo Shu pork,34.96977902
Pork and onions with soy-based sauce,68.9510424
Pork hash,36.1398397
Ham and vegetables including carrots broccoli,81.58829003
Ham and vegetables excluding carrots,45.22944908
Pork and vegetables excluding carrots,42.0364219
Pork chow mein or chop suey,87.39146363
Pork and vegetables excluding  carrots,79.01991213
Sausage and vegetables including  carrots,18.30477198
Sausage and vegetables,11.58752659
Sausage and peppers,29.42789804
Pork shish kabob with vegetables,57.04669505
Stuffed christophine,52.95453496
Pork chop stewed with vegetables,61.25548437
Lamb or mutton stew with vegetables including carrots,81.06553615
Lamb or mutton stew with vegetables excluding carrots,61.16229165
Veal goulash with vegetables excluding carrots,56.27396536
Veal goulash with vegetables including carrots,6.723612049
Veal with vegetables including carrots,78.02505543
Veal with vegetables excluding carrots,49.84478561
Lamb shish kabob with vegetables,37.09340575
Chicken or turkey and vegetables including carrots,11.41645165
Chicken or turkey and vegetables excluding carrots,59.30109385
Chicken or turkey shish kabob with vegetables,86.94320444
Chicken or turkey creole,86.08638198
Chicken or turkey a la king with vegetables including carrots,26.80143375
Chicken or turkey a la king with vegetables excluding carrorts,7.407895902
Chicken or turkey divan,7.307253007
General Tso chicken,61.74312539
Moo Goo Gai Pan,34.35537959
Kung pao chicken,53.42479289
Almond chicken,29.30526944
Chicken or turkey chow mein or chop suey,16.81087537
Chicken or turkey salad,84.76797009
Chicken or turkey salad with nuts and/or fruits,18.80632598
Chicken or turkey salad with egg,13.56517761
Chicken or turkey garden salad,40.7484813
Chicken or turkey garden salad with bacon and cheese,8.239075333
Chicken or turkey garden salad with cheese,45.69277119
Asian chicken or turkey garden salad,20.30761375
Asian chicken or turkey garden salad with crispy noodles,72.01473146
Chicken or turkey caesar garden salad,26.91314607
Crab salad,73.94860512
Lobster salad,77.60046665
Salmon salad,29.50211375
Shrimp chow mein or chop suey,48.19328137
Tuna salad,39.60394492
Shrimp salad,83.14915212
Seafood salad,16.08666889
Tuna salad with cheese,8.032489315
Tuna salad with egg,51.60069386
Shrimp garden salad,15.26708364
Crab salad made with imitation crab,79.03954244
Seafood garden salad with seafood,45.60455698
Oysters Rockefeller,26.94921679
Lomi salmon,15.99531917
Shrimp and vegetables including carrots,56.9658822
Shrimp and vegetables excluding carrots,34.83796886
Shrimp shish kabob with vegetables,12.03480075
Kung Pao shrimp,63.90312443
Tuna casserole with vegetables and mushroom sauce,34.16790039
Shellfish mixture and vegetables including carrots,59.90193972
Shellfish mixture and vegetables excluding carrots,33.99433619
Fish and vegetables including carrots,84.86206686
Fish and vegetables excluding carrots,12.35583896
Fish and vegetables excluding  carrots,41.14066801
Fish shish kabob with vegetables,44.15559867
Fried fish with sauce,87.9547943
Lobster with sauce,71.67547978
Octopus salad,25.90965645
Codfish salad,84.86378087
Lau lau,23.14646359
Julienne salad,77.78600311
Antipasto with ham,58.6966809
Livers,15.94315193
Liver,61.81543698
Stewed chitterlings,53.83489559
Stewed gizzards,56.93384911
Gumbo,81.86264589
Sandwich,70.23232374
Meat sandwich,72.36732781
Wrap sandwich,83.72425589
Beef sandwich,75.02630685
Beef barbecue submarine sandwich,12.87189166
Cheeseburger slider,70.72931043
Cheeseburger,15.84962076
Cheeseburger (Burger King),71.01572894
Whopper Jr with cheese (Burger King),6.674344253
Cheeseburger (McDonalds),49.77786321
Quarter Pounder (McDonalds),76.18614689
Whopper with cheese (Burger King),71.70992459
Quarter Pounder with cheese (McDonalds),7.190223941
Cheeseburger submarine sandwich with lettuce,55.72510627
Double cheeseburger,22.55195753
Double cheeseburger (Burger King),34.81020694
Double cheeseburger (McDonalds),51.36756261
McDouble (McDonalds),39.40916869
Big Mac (McDonalds),66.57437998
Hamburger slider,51.01729872
Hamburger,86.02564574
Hamburger (Burger King),74.5284486
Whopper Jr (Burger King),79.44798694
Hamburger (McDonalds),79.55206193
Whopper (Burger King),66.32521033
Double hamburger,45.57555223
Meatball and spaghetti sauce submarine sandwich,51.81490071
Chiliburger,81.14723078
Corned beef sandwich,69.19896414
Reuben sandwich,75.30490826
Pastrami sandwich,45.36165609
Roast beef sandwich,13.22146601
Roast beef submarine sandwich,87.41368511
Roast beef sandwich with cheese,30.52553503
Roast beef sandwich with bacon and cheese sauce,28.17481966
Steak submarine sandwich with lettuce and tomato,29.82477775
Steak sandwich,35.3318438
Steak and cheese submarine sandwich,52.11768693
Steak and cheese sandwich,47.81549245
Fajita-style beef sandwich with cheese,54.97218413
Gyro sandwich (pita bread,75.42683862
Hamburger wrap sandwich,8.883573382
Bacon sandwich,79.89624765
Bacon and cheese sandwich,41.36978818
Bacon and egg sandwich,63.44938618
Bacon on biscuit,28.8148539
Ham on biscuit,34.88339216
Ham sandwich,38.3733068
Ham sandwich with lettuce and spread,15.26294623
Ham and cheese sandwich,31.33784432
Ham salad sandwich,23.2408249
Hot ham and cheese sandwich,46.61261001
Ham and cheese on English muffin,62.02173601
Ham and cheese submarine sandwich,45.62869914
Cuban sandwich,44.88016338
Midnight sandwich,21.65700345
Pork sandwich,54.61959714
Pork barbecue sandwich or Sloppy Joe,9.492379315
Sliced chicken sandwich,22.29592553
Chicken salad or chicken spread sandwich,16.86554855
Chicken barbecue sandwich,74.46048501
Chicken fillet sandwich,62.50405912
Chicken fillet biscuit,65.66690893
Chicken fillet wrap sandwich,30.34302976
Chicken submarine sandwich,45.91022948
Buffalo chicken submarine sandwich,72.92886483
Buffalo chicken submarine sandwich with cheese,18.21529335
Turkey sandwich,44.62228619
Turkey salad or turkey spread sandwich,85.91638369
Turkey submarine sandwich,28.92839609
Turkey and bacon submarine sandwich,8.196154651
Turkey or chicken burger,73.20858887
Fish sandwich,53.76215595
Crab cake sandwich,84.27623237
Salmon cake sandwich,81.84408862
Fried seafood sandwich,86.42223655
Fish wrap sandwich,49.67506683
Sardine sandwich,81.72068699
Tuna salad sandwich,74.39415559
Tuna salad wrap sandwich,7.418073597
Seafood salad sandwich,21.24449189
Luncheon meat sandwich,22.02389966
Bologna sandwich,75.7960437
Bologna and cheese sandwich,75.22981228
Corn dog,21.05157289
Pig in a blanket,76.48053804
Puerto Rican sandwich,77.43160317
Pepperoni and salami submarine sandwich,19.08187584
Salami sandwich,59.36535425
Sausage on biscuit,6.003550607
Sausage griddle cake sandwich,43.60183227
Sausage and cheese on English muffin,84.31843234
Sausage balls,84.70684
Sausage sandwich,78.21716206
Sausage and spaghetti sauce sandwich,38.07797757
Cold cut sumarine sandwich,17.43367609
Meat spread or potted meat sandwich,25.7087457
Frankfurter or hot dog sandwich,61.17732697
Hors d'oeuvres,72.11578266
Beef and egg noodles,18.57804569
Beef with vegetables,40.02998943
Chicken and rice dinner,77.61947326
Chicken noodle dinner,29.00506911
Chicken stew,10.68512862
Chicken soup,83.64493592
Frozen dinner,25.62570153
Beef dinner,57.35943462
Beef with vegetable,10.19704851
Sirloin,45.6360521
Sirloin tips,13.8674064
Sirloin beef,26.27413997
Salisbury steak dinner,45.6772816
Salisbury steak,72.29000366
Beef short ribs,53.44083161
Beef with spaetzle or rice,19.52379254
Chicken dinner,7.184136182
Chicken and noodles with vegetable,31.57157365
Chicken patty or nuggets,35.11421476
Teriyaki chicken with rice and vegetable,24.85713384
Chicken with rice and vegetable,47.00314232
Chicken and vegetables au gratin with rice,55.43725004
Chicken and vegetable entree with rice,63.10402982
Chicken chow mein with rice,35.40518852
Chicken with noodles and cheese sauce,9.139791907
Chicken and vegetable entree with noodles,84.00845938
Chicken in cream sauce with noodles and vegetable,72.27648515
Chicken in butter sauce with potatoes and vegetable,26.27734354
Chicken in mushroom sauce,15.47887294
Chicken in soy-based sauce,37.05269992
Chicken and vegetable entree with noodles and cream sauce,88.14996146
Turkey dinner,68.36693757
Turkey with vegetable,88.76587552
Flounder with chopped broccoli,17.51045064
Fish in lemon-butter sauce with starch item,9.266065242
Shrimp and clams in tomato-based sauce,33.50363108
Shrimp and vegetables in sauce with noodles,26.20246005
Meat loaf dinner,65.87509041
Meat loaf with potatoes,9.497504909
Oxtail soup,7.212287607
Beef broth,84.76777387
Meatball soup,68.54828373
Beef noodle soup,10.93248177
Pho,32.0768157
Beef and rice soup,34.59277327
Pepperpot soup,22.69094407
Menudo soup,85.27239605
Beef vegetable soup with potato,23.24708635
Beef vegetable soup,20.8057066
Meat and corn hominy soup,73.59712532
Italian Wedding Soup,46.36352778
Beef stroganoff soup,34.00929077
Pork vegetable soup with potato,18.6336811
Pork with vegetable excluding carrots,80.58023708
Bacon soup,70.11321754
Chicken or turkey broth,28.08042555
Mexican style chicken broth soup stock,17.98596358
Chicken rice soup,80.76711374
Chicken soup with noodles and potatoes,47.91091179
Chicken or turkey gumbo soup,57.59769649
Chicken or turkey noodle soup,83.83779184
Sweet and sour soup,84.73420574
Chicken or turkey soup with vegetables,87.12151954
Chicken or turkey corn soup with noodles,58.02299646
Chicken or turkey vegetable soup,75.09677609
Chicken or turkey vegetable soup with rice,35.30165545
Chicken or turkey vegetable soup with noodles,45.15239195
Chicken or turkey and corn hominy soup,6.845863348
Chicken or turkey vegetable soup with potato and cheese,58.56654683
Bird's nest soup,18.36705774
Hot and sour soup,66.19854371
Chicken or turkey soup with vegetables and fruit,71.27209055
Chicken or turkey soup,22.27697547
Chicken or turkey mushroom soup,81.95399438
Fish stock,72.99687551
Fish chowder,56.958222
Crab soup,50.70480474
Clam chowder,81.44561958
Turtle and vegetable soup,78.95432616
Fish and vegetable soup,42.24081054
Fish soup with potatoes,14.32358892
Codfish,87.6017233
Codfish soup with noodles,13.75504626
Lobster bisque,67.31989056
Lobster gumbo,52.67688993
Oyster stew,35.0687925
Salmon soup,34.40768729
Shrimp soup,18.44254792
Shrimp gumbo,23.08508515
Seafood soup with potatoes and vegetables including carrots,24.17117011
Seafood soup with potatoes,11.14326709
Seafood soup with vegetables including carrots,68.82123848
Seafood soup with vegetables excluding carrots,43.95308894
Meat broth,47.41079048
Spanish vegetable soup,43.84064839
Gravy,61.80572024
Oyster sauce,6.567381398
Mole sauce,60.17548096
Egg,76.69369336
Duck egg,38.45444199
Goose egg,79.46443133
Quail egg,83.9089704
Egg salad,8.055447073
Huevos rancheros,70.38370586
Egg casserole with bread,47.76620945
Egg foo yung,23.5462532
Chicken egg foo yung,72.37540493
Pork egg foo yung,24.8566784
Shrimp egg foo yung,29.82510114
Beef egg foo yung,14.76758739
Ripe plantain omelet,16.16923929
Scrambled eggs with jerked beef,74.52659677
Eggs a la Malaguena,31.8992668
Shrimp-egg patty,80.5105826
Egg omelet or scrambled egg,39.27815241
Egg and sausage on biscuit,73.2501972
Egg and bacon on biscuit,85.75826507
Egg and ham on biscuit,6.763482026
Egg and steak on biscuit,75.4072595
Egg and cheese on biscuit,70.080319
Egg salad sandwich,71.89595361
Scrambled egg sandwich,68.49244483
Egg drop soup,79.50095058
Garlic egg soup,78.71595484
Egg white omelet,63.81015878
Egg white,27.54109515
Meringues,67.31086375
Egg substitute,36.13244744
Beans,25.04677307
White beans,80.90691087
Black beans,35.49787308
Black beans with meat,41.84902853
Fava beans,29.81426435
Lima beans,46.30624244
Pink beans,63.4447263
Pinto beans,61.15761416
Pinto beans with meat,55.47309384
Kidney beans,75.09000164
Kidney beans with meat,56.18600126
Peruvian beans,87.99258365
Soybeans,35.0356327
Mung beans,67.90844271
Baked beans,67.66002854
Baked beans from fast food / restaurant,81.7288272
Beans and tomatoes,31.82286386
Black bean salad,84.59526087
Refried beans,33.00861163
Refried beans with meat,41.46128921
Bean dip,45.96308017
Layer dip,50.77027894
Hummus,27.46280305
Black bean sauce,29.86244169
Beans and franks,6.448463989
Pork and beans,7.049808294
Beans with meat,80.99119319
Falafel,80.57053905
Bean cake,33.49491211
Chili with beans,22.9197551
Blackeyed peas,73.47396645
Chickpeas,56.53137155
Split peas,56.95043978
Wasabi peas,71.5301081
Lentils,6.64224099
Bean chips,48.07945382
Papad,49.46382583
Sambar,70.89355786
Lentil curry,37.50388206
Lentil curry with rice,36.65856287
Soy nuts,57.24218485
Soy chips,53.06833023
Soybean curd,21.17442536
Edamame,59.48141432
Soybean curd cheese,30.2582826
Miso sauce,85.64285389
Miso,9.363263114
Natto,50.59822425
Hoisin sauce,77.9800464
Soy sauce,57.94195059
Teriyaki sauce,43.11649322
Worcestershire sauce,57.81805269
Vermicelli,56.72665387
Textured vegetable protein,22.82057564
Frozen dessert,84.286304
Bean soup,62.70791846
Bean with bacon or ham soup,66.75531053
Black bean soup,80.67625029
Lima bean soup,8.232507272
Soybean soup,25.64580624
Pinto bean soup,68.10936879
Bean and ham soup,7.376525895
Liquid from stewed kidney beans,15.6515387
Pea and ham soup,56.72100369
Garbanzo bean or chickpea soup,49.63054302
Split pea and ham soup,79.54655692
Split pea soup,81.52221299
Lentil soup,51.22289615
Bacon strip,21.17936922
Bacon bits,6.612978152
Breakfast link,83.23255334
Luncheon slice,35.02673702
Meatball,80.19769472
Vegetarian burger or patty,40.48413211
Sandwich spread,24.70700101
Vegetarian pot pie,11.76971432
Vegetarian chili,26.41772222
Tofu and vegetables including carrots,48.58710603
Tofu and vegetables excluding carrots,34.31728938
Vegetarian,15.69083526
Vegetarian stew,20.51667033
Vegetarian stroganoff,25.82895199
Soyburger,64.53680476
Nuts,52.80915972
Almonds,86.82921702
Brazil nuts,20.87997809
Cashews,88.26079349
Chestnuts,50.28365714
Coconut,8.532536583
Hazelnuts,52.14640769
Macadamia nuts,20.66552618
Mixed nuts,38.08444318
Peanuts,87.80945642
Pecans,14.8475042
Pine nuts,67.14917702
Pistachio nuts,6.725916858
Walnuts,58.82205714
Almond butter,88.10198521
Almond paste,66.06483351
Cashew butter,75.88943961
Peanut butter,81.77685501
Peanut butter and jelly,19.04623224
Peanut butter and chocolate spread,46.56652228
Soy nut butter,38.72201893
Peanut sauce,51.78379139
Peanut butter sandwich,59.01021538
Peanut butter and jelly sandwich,63.01326111
Coconut cream,44.59132219
Coconut water,83.09720457
Trail mix,20.45072729
Trail mix with nuts,51.8488652
Trail mix with nuts and fruit,65.27407072
Trail mix with chocolate,17.45770547
Trail mix with pretzels,47.19665361
Pumpkin seeds,42.49378424
Sunflower seeds,73.60853631
Sesame seeds,87.53950127
Tahini,65.78415044
Flax seeds,49.69286283
Mixed seeds,35.03420365
Chia seeds,73.75831675
Carob chips,16.69157089
Bread,26.24329921
Roll,63.33798408
Focaccia,19.89976951
Naan,67.97523958
Garlic bread,69.8547454
Bruschetta,68.29615736
Pan Dulce,8.121350572
Coffee cake,81.25033839
Croissant,82.2015248
Brioche,64.92804056
Bagel,80.29283847
Bread stuffing,51.26329644
Bread stuffing made with egg,74.82808336
Breadsticks,85.41437885
Croutons,50.97161199
Muffin,37.29452609
Melba toast,84.21071304
Anisette toast,16.15983022
Pannetone,12.01084948
Zwieback toast,85.6516047
Injera,32.35985468
Biscuit,88.79755257
Crumpet,9.757343341
Biscuit with fruit,63.06126485
Scone,55.52639701
Cornbread,28.42793758
Cornbread stuffing,86.48958926
Cornbread muffin,23.69099792
Corn flour patty or tart,51.10007557
Corn pone,61.84479562
Gordita/sope shell,8.121616184
Hush puppy,79.00938023
Johnnycake,44.20388756
Spoonbread,39.77699134
Tortilla,67.50618614
Taco shell,84.43244175
Arepa Dominicana,53.18142003
Popover,85.34171577
Cake batter,80.72781653
Cake or cupcake,58.01338244
Cake,87.19457886
Cheesecake,83.768173
Cheesecake with fruit,85.32241464
Snack cake,11.6545293
Ice cream cake,12.40425841
Rum cake,56.7079789
Cookie,83.79521561
Cookie bar,7.101332849
Pocky,41.92957104
Marie biscuit,42.51079477
Cookies,72.67184783
Pie,31.1347683
Mixed fruit tart filled with custard or cream cheese,72.29985715
Dessert pizza,14.62302848
Pie shell,80.68732683
Vanilla wafer dessert base,79.0417223
Blintz,23.3529296
Cobbler,41.74777506
Crisp,23.39136435
Fritter,40.7451378
Cream puff,84.05887525
Air filled fritter or fried puff,85.53879061
Wheat flour fritter,33.09023614
Sopaipilla,33.77067911
Sopaipilla with syrup or honey,47.54873527
Crepe,75.79647428
Tamale,64.84779089
Strudel,38.8593284
Baklava,76.71946646
Basbousa,76.04941071
Turnover or dumpling,77.14764514
Turnover,19.74097509
Pastry,18.11352131
Cheese pastry puffs,58.2902923
Empanada,61.95542068
Breakfast pastry,84.49378018
Danish pastry,9.924979116
Doughnut,36.90404811
Doughnut holes,39.45017812
Churros,77.6083862
Beignet,9.616497586
Breakfast tart,56.6214678
Cereal or granola bar (General Mills Fiber One Chewy Bar),77.12892481
Cereal or granola bar (Kellogg's Nutri-Grain Cereal Bar),9.293698782
Cereal or granola bar (Kellogg's Nutri-Grain Yogurt Bar),38.21863403
Cereal or granola bar (Kellogg's Nutri-Grain Fruit and Nut Bar),55.73957349
Milk 'n Cereal bar,57.56275988
Cereal or granola bar (Kellogg's Special K bar),7.634647272
Cereal or granola bar (Kashi Chewy),73.8420259
Cereal or granola bar (Kashi Crunchy),27.90112549
Cereal or granola bar (KIND Fruit and Nut Bar),65.91616944
Cereal or granola bar (General Mills Nature Valley Chewy Trail Mix),21.29482417
Cereal or granola bar,48.73905686
Cereal or granola bar (General Mills Nature Valley Sweet and Salty Granola Bar),72.63519395
Cereal or granola bar (General Mills Nature Valley Crunchy Granola Bar),55.75809962
Cereal or granola bar (Quaker Chewy Granola Bar),87.81097418
Cereal or granola bar (Quaker Chewy 90 Calorie Granola Bar),55.41481635
Cereal or granola bar (Quaker Chewy 25% Less Sugar Granola Bar),6.158894282
Cereal or granola bar (Quaker Chewy Dipps Granola Bar),8.340903924
Cereal or granola bar (Quaker Granola Bites),11.18016306
Snack bar,68.88238037
Cereal or granola bar with nuts,88.8565967
Breakfast bar,7.991172312
Nutrition bar (Balance Original Bar),83.32558973
Nutrition bar (Clif Bar),72.13203987
Nutrition bar (Clif Kids Organic Zbar),26.19473283
Nutrition bar (PowerBar),42.92532051
Nutrition bar (Slim Fast Original Meal Bar),56.79397423
Nutrition bar (Snickers Marathon Protein Bar),54.21877414
Nutrition bar (South Beach Living Meal Bar),41.64371634
Nutrition bar (South Beach Living High Protein Bar),24.3433237
Nutrition bar (Tiger's Milk),68.96416642
Nutrition bar (Zone Perfect Classic Crunch),51.14067619
Nutrition bar or meal replacement bar,22.58088544
Cereal bar with fruit filling,40.37065409
Crackers,53.93576319
Graham crackers,13.19406896
Graham crackers (Teddy Grahams),52.82736862
Chips,48.35724666
Rice cake,30.6133533
Popcorn cake,20.5515283
Rice paper,52.4529356
Gerber Finger Foods,75.92724331
Finger Foods,30.91567287
Crunchy snacks,73.00864345
Corn nuts,9.54076293
Corn chips,86.80544548
Cheese flavored corn snacks,33.11611416
Tortilla chips,36.42743627
Cheese flavored corn snacks (Cheetos),15.7724081
Snack mix,73.55163964
Potato chips,51.83493353
Pita chips,81.25605312
Popcorn,72.42882943
Popcorn chips,17.20099406
Onion flavored rings,54.47107534
Shrimp chips,45.28332802
Pretzels,75.33329394
Pretzel,66.37779737
Pretzel chips,87.82253876
Multigrain chips (Sun Chips),57.24135874
Bagel chips,28.11304995
Cracker chips,49.66919245
Pancakes,68.3211571
Waffle,25.46114576
French toast,12.67393865
French toast sticks,13.26027404
Fried bread,73.91008277
Chinese pancake,55.60752435
Dumpling,15.70925108
Cake made with glutinous rice,6.381723291
Cake or pancake made with rice flour and/or dried beans,67.35425085
Dosa (Indian),21.85620068
Cake made with glutinous rice and dried beans,26.99150541
Funnel cake with sugar,84.47445455
Funnel cake with sugar and fruit,77.36222704
Pasta,86.8818811
Noodles,45.95920756
Long rice noodles,74.40816006
Rice noodles,59.61396209
Cereal,53.07151972
Barley,48.68565884
Buckwheat groats,12.64063284
Grits,83.33732233
Cornmeal mush,69.43469671
Cornmeal,33.54454328
Cornmeal dumpling,38.42679617
Masa harina,8.666152704
Millet,60.95177988
Oatmeal,48.06976455
Quinoa,69.69345898
Rice,53.3606715
Congee,28.16438082
Yellow rice,73.43690721
Cream of wheat,16.36206947
Wheat,32.6112604
Bulgur,63.43842042
Couscous,68.6445909
Whole wheat cereal,85.87632769
Wheat cereal,85.33600992
Oat bran cereal,78.1069709
Cream of rye,85.91456928
Cereal (Kellogg's All-Bran),51.00571357
Cereal (Post Alpha-Bits),53.26659627
Cereal (General Mills Cheerios Apple Cinnamon),41.39488479
Cereal (Kellogg's Apple Jacks),14.90119329
Cereal (Post Great Grains Banana Nut Crunch),12.55169428
Cereal (General Mills Cheerios Banana Nut),50.46406902
Cereal (General Mills Cheerios Berry Burst),14.29321236
Cereal (Quaker Cap'n Crunch),45.0198092
Cereal (Quaker Christmas Crunch),48.05897335
Cereal (Quaker Cap'n Crunch's Crunchberries),58.59925952
Cereal (Quaker Cap'n Crunch's Peanut Butter Crunch),34.68243342
Cereal (General Mills Cheerios),27.34225256
Cereal (General Mills Chex Chocolate),17.72694047
Cereal (General Mills Chex Cinnamon),32.52222206
Cereal (General Mills Cheerios Chocolate),27.2667908
Cereal (General Mills Lucky Charms Chocolate),32.36481556
Cereal (General Mills Cinnamon Toast Crunch),12.40815771
Cereal (General Mills 25% Less Sugar Cinnamon Toast Crunch),24.21136917
Cereal (General Mills Honey Nut Clusters),48.78750295
Cereal (Kellogg's Cocoa Krispies),69.43788401
Cereal (Post Cocoa Pebbles),77.68235787
Cereal (General Mills Cocoa Puffs),12.36223468
Cereal (General Mills Cookie Crisp),79.87626959
Cereal (General Mills Chex Corn),75.05026496
Cereal (Kellogg's Corn Flakes),37.48661289
Cereal (General Mills Count Chocula),53.64014052
Cereal (Kellogg's Cracklin' Oat Bran),16.03932385
Cereal (Post Great Grains,59.80026348
Cereal (Kellogg's Crispix),32.02374466
Cereal (General Mills Fiber One),62.26490771
Cereal (General Mills Fiber One Honey Clusters),30.49147418
Cereal (General Mills Fiber One Raisin Bran Clusters),65.89340368
Cereal (Kellogg's All-Bran Complete Wheat Flakes),10.52923593
Cereal (Post Bran Flakes),8.755101129
Cereal (General Mills Frankenberry),67.78380988
Cereal (Kellogg's Froot Loops),58.28942393
Cereal (Kellogg's Froot Loops Marshmallow),58.7433184
Cereal (General Mills Cheerios Frosted),26.20250094
Cereal (Kellogg's Frosted Mini-Wheats),26.9552362
Cereal (General Mills Cheerios Fruity),23.0782537
Cereal (Post Fruity Pebbles),87.35798104
Cereal (General Mills Golden Grahams),79.51266232
Granola,68.49042622
Cereal (Kellogg's Low Fat Granola),27.96325128
Cereal (Post Grape-Nuts),83.07010553
Cereal (Post Great Grains Raisins,71.21689599
Cereal (Post Honey Bunches of Oats Honey Roasted),60.37141804
Cereal (Post Honey Bunches of Oats with Vanilla Bunches),60.62216667
Cereal (Post Honey Bunches of Oats with Almonds),51.20503283
Cereal (Post Honeycomb),78.66993364
Cereal (General Mills Chex Honey Nut),85.15917845
Cereal (General Mills Cheerios Honey Nut),62.36378513
Cereal (Post Shredded Wheat Honey Nut),56.77147429
Cereal (Kellogg's Honey Smacks),55.37285849
Cereal (Kashi 7 Whole Grain Puffs),74.25727872
Cereal (Kashi Autumn Wheat),54.88741172
Cereal (Kashi GOLEAN),19.67638563
Cereal (Kashi GOLEAN Crunch),79.67661882
Cereal (Kashi GOLEAN Crunch Honey Almond Flax),72.34907925
Cereal (Kashi Heart to Heart Honey Toasted Oat),60.34713817
Cereal (General Mills Kix),19.94084458
Cereal (General Mills Honey Kix),72.739706
Cereal (Kellogg's Krave),32.78797719
Cereal (Quaker Life),42.42974929
Cereal (General Mills Lucky Charms),14.28114575
Cereal (Malt-O-Meal Blueberry Muffin Tops),80.97095283
Cereal (Malt-O-Meal Cinnamon Toasters),63.06786286
Cereal (Malt-O-Meal Coco-Roos),51.64091626
Cereal (Malt-O-Meal Colossal Crunch),72.77029173
Cereal (Malt-O-Meal Cocoa Dyno-Bites),43.06257772
Cereal (Malt-O-Meal Corn Bursts),42.13476193
Cereal (Malt-O-Meal Frosted Flakes),20.16769148
Cereal (Malt-O-Meal Fruity Dyno-Bites),59.72815391
Cereal (Malt-O-Meal Honey Graham Squares),34.85622218
Cereal (Malt-O-Meal Honey Nut Toasty O's),23.19318103
Cereal (Malt-O-Meal Marshmallow Mateys),9.755559076
Cereal (Malt-O-Meal Golden Puffs),54.79602631
Cereal (Malt-O-Meal Toasted Oat Cereal),29.238628
Cereal (Malt-O-Meal Tootie Fruities),77.12896094
Cereal (General Mills Cheerios Multigrain),10.03107439
Cereal (Nature Valley Granola),43.58793701
Cereal (General Mills Cheerios Oat Cluster Crunch),65.20853424
Cereal (General Mills Cheerios Protein),18.06832502
Cereal (General Mills Oatmeal Crisp with Almonds),84.91902708
Cereal (Quaker Honey Graham Oh's),81.95680381
Cereal (Quaker Granola with Oats,16.98014705
Cereal (Nature's Path Organic Flax Plus),73.84760705
Cereal (Barbara's Puffins),45.44088659
Cereal (Quaker Toasted Oat Bran),27.67333217
Cereal (Quaker Oatmeal Squares),36.58680058
Cereal (Kellogg's Raisin Bran),21.55596882
Cereal (Kellogg's Raisin Bran Crunch),77.9470145
Cereal (Post Raisin Bran),6.256050896
Cereal (General Mills Raisin Nut Bran),15.7232203
Cereal (General Mills Reese's Puffs),83.55876396
Cereal (General Mills Chex Rice),80.33476515
Cereal (Kellogg's Rice Krispies),84.4809842
Cereal (Kellogg's Rice Krispies Treats Cereal),66.06611545
Cereal (Kellogg's Smart Start Strong),21.69023307
Cereal (Kellogg's Smorz),51.98710659
Cereal (Kellogg's Special K),75.4717697
Cereal (Kellogg's Special K Blueberry),29.39125945
Cereal (Kellogg's Special K Chocolatey Delight),59.79634197
Cereal (Kellogg's Special K Red Berries),49.74307341
Cereal (Kellogg's Special K Fruit & Yogurt),88.49261068
Cereal (Kellogg's Special K Vanilla Almond),82.30034596
Cereal (Kellogg's Special K Cinnamon Pecan),68.99700121
Cereal (Kellogg's Corn Pops),37.84490157
Cereal (Kellogg's Frosted Flakes),46.73141368
Cereal (Post Golden Crisp),35.04633636
Cereal (General Mills Trix),67.64925874
Cereal (Uncle Sam),78.67361134
Cereal (General Mills Chex Wheat),47.69492185
Wheat germ,62.65827897
Cereal (Post Shredded Wheat),32.79349768
Cereal (General Mills Wheaties),87.14276377
Wheat bran,18.81729817
Oats,74.61857407
Oat bran,6.280097703
Barley cereal,48.89686296
Mixed cereal,66.03726726
Oatmeal cereal,54.61606049
Rice cereal,41.06713349
Rice cereal with apples,18.18502209
Rice cereal with mixed fruits,70.86500058
Rice cereal with bananas,87.60148415
Brown rice cereal,54.9342109
Mixed cereal with bananas,63.38898434
Multigrain,66.56290673
Oatmeal cereal with bananas,20.73572868
Oatmeal cereal with fruit,55.61676456
Whole wheat cereal with apples,62.25472306
Mixed cereal with applesauce and bananas,33.05246205
Oatmeal with applesauce and bananas,51.82516004
Rice cereal with applesauce and bananas,42.47232104
Rice cereal with mixed fruit,23.08164346
Gerber Graduates Finger Snacks Cereal,55.95687162
Burrito,7.664367001
Burrito with meat,12.53388919
Burrito with meat and beans,35.14913449
Burrito with meat and sour cream,43.07708082
Burrito with chicken,12.14373742
Burrito with chicken and beans,29.06412278
Burrito with chicken and sour cream,46.1026656
Burrito with beans and rice,65.47924697
Burrito with beans,85.4800053
Chilaquiles,30.35565304
Enchilada,31.4055108
Enchilada with meat and beans,41.53527635
Enchilada with meat,33.45022892
Enchilada with chicken and beans,32.53322726
Enchilada with chicken,14.08245679
Enchilada with beans,75.17521865
Taco or tostada with meat,69.4612202
Taco or tostada with meat and sour cream,75.7516636
Soft taco with meat,17.96553283
Soft taco with meat and sour cream,14.62165431
Soft taco with chicken,42.25143374
Soft taco with chicken and sour cream,78.68865575
Taco or tostada with chicken,57.8534656
Taco or tostada with chicken and sour cream,20.92248852
Taco or tostada with fish,79.75887182
Soft taco with fish,73.67275432
Soft taco with beans,18.89081878
Soft taco with beans and sour cream,36.59173471
Soft taco with meat and beans,25.94830962
Soft taco with chicken and beans,21.75733737
Taco or tostada with beans,68.41378228
Taco or tostada with beans and sour cream,81.62145212
Taco or tostada with meat and beans,81.57847305
Taco or tostada with chicken and beans,69.99963965
Ground beef with tomato sauce and taco seasonings on a cornbread crust,21.93060021
Mexican casserole made with ground beef,12.91069505
Taco or tostada salad with meat,13.66418323
Taco or tostada salad with chicken,53.01342247
Taco or tostada salad,27.85391517
Taco or tostada salad with meat and sour cream,52.98617345
Taco or tostada salad with chicken and sour cream,67.40372095
Tamale with meat,24.18284626
Tamale with chicken,86.95814845
Tamale casserole with meat,59.01713313
Nachos with cheese and sour cream,26.19229902
Nachos with cheese,67.32722313
Nachos with meat and cheese,77.22478237
Nachos with chicken and cheese,48.88200091
Nachos with chili,77.63250692
Nachos with meat,54.45134143
Nachos with chicken,46.73105031
Gordita,68.05760055
Chimichanga with meat,39.36070036
Chimichanga,49.65132089
Chimichanga with chicken,65.43433056
Chimichanga with meat and sour cream,21.10045926
Chimichanga with chicken and sour cream,74.70264627
Quesadilla,37.11663989
Quesadilla with meat,66.83365207
Quesadilla with chicken,69.884972
Quesadilla with vegetables,70.37846972
Quesadilla with vegetables and meat,78.44255245
Quesadilla with vegetables and chicken,6.293081995
Taquito or flauta with cheese,69.16948772
Taquito or flauta with meat,60.83700511
Taquito or flauta with meat and cheese,31.71778457
Taquito or flauta with chicken,70.17758396
Taquito or flauta with chicken and cheese,68.06463996
Taquito or flauta with egg,15.83046748
Taquito or flauta with egg and breakfast meat,36.06763553
Fajita with chicken and vegetables,83.85931784
Fajita with meat and vegetables,62.54665762
Fajita with vegetables,10.5577431
Pupusa,72.9620121
Pizza,24.39939896
Pizza with cheese and extra vegetables,26.76485358
Pizza with pepperoni,8.388796664
Pizza with meat other than pepperoni,88.07667599
Pizza with extra meat,38.51569547
Pizza with meat and vegetables,39.23642751
Pizza with extra meat and extra vegetables,57.63755321
Pizza with meat and fruit,61.75473574
Pizza with beans and vegetables,48.2554744
White pizza,6.632138943
Calzone,33.95726053
Pizza rolls,34.68219326
Breakfast pizza with egg,77.312491
Egg roll,88.93721004
Roll with meat and/or shrimp,35.20412474
Wonton,18.17544054
Puffs,56.9837327
Tamale casserole,73.43360172
Tamal in a leaf,73.83834796
Taco with crab meat,13.97018501
Meat turnover,57.64552251
Cheese turnover,62.59151047
Cornmeal fritter,54.91942898
Cornmeal stick,71.99279033
Kibby,24.91817491
Codfish fritter,87.29027036
Hayacas,86.18984101
Cornmeal coconut dessert,18.46794629
Gnocchi,59.14863359
Kishke,35.4811189
Knish,43.99139735
Sweet bread dough,8.432155155
Spanakopitta,60.45755042
Quiche with meat,74.61769009
Spinach quiche,11.92718384
Cheese quiche,57.77515303
Turnover filled with ground beef and cabbage,31.01233728
Turnover filled with meat and vegetable,64.87225796
Vegetables in pastry,88.73905627
Vegetables and cheese in pastry,9.528481087
Croissant sandwich,52.45195354
Croissant sandwich with sausage and egg,58.62190687
Croissant sandwich with bacon and egg,61.44122002
Croissant sandwich with ham,70.54184992
Croissant sandwich with sausage,25.37675443
Croissant sandwich with bacon,10.22863974
Vegetable submarine sandwich,14.83919553
Biscuit with gravy,81.25126114
Chicken cornbread,44.39230733
Cornmeal dressing with chicken or turkey and vegetables,10.03232559
Dressing with oysters,23.75543609
Dressing with chicken or turkey and vegetables,27.1040431
Dressing with meat and vegetables,86.13086158
Lasagna with meat,22.94887398
Lasagna with meat and spinach,27.79143644
Lasagna with chicken or turkey,48.92367162
Lasagna,66.56466701
Ravioli,75.30125433
Manicotti,77.08364523
Stuffed shells,34.74674991
Tortellini,72.56224709
Cannelloni,75.24562066
Chow fun noodles with meat and vegetables,73.14879459
Chow fun noodles with vegetables,18.27631837
Lo mein,61.07322563
Pad Thai,31.86182662
Pad Thai with chicken,6.831527832
Pad Thai with seafood,66.80056142
Pad Thai with meat,33.43692785
Adobo,8.924630637
Spaghetti with corned beef,21.00965044
Macaroni with tuna,17.12011929
Macaroni or noodles with cheese,37.44065033
Macaroni or noodles with cheese and tuna,32.26989712
Macaroni or noodles with cheese and meat,65.98991529
Macaroni or noodles with cheese and tomato,30.17138161
Macaroni or noodles with cheese and frankfurters or hot dogs,41.50603821
Macaroni or noodles with cheese and egg,15.35000361
Macaroni or noodles with cheese and chicken or turkey,83.67782159
Pasta with tomato-based sauce,51.66091711
Pasta with tomato-based sauce and cheese,52.4111528
Pasta with vegetables,57.90740129
Pasta with sauce,54.21318845
Pasta with sauce and meat,10.94914128
Pasta with tomato-based sauce and meat,40.43851039
Pasta with tomato-based sauce and poultry,88.73796587
Pasta with tomato-based sauce and seafood,69.00208084
Pasta with cream sauce,49.23212549
Pasta with cream sauce and added vegetables,77.49891243
Pasta with cream sauce and meat,51.87766253
Pasta with cream sauce and poultry,83.46582107
Pasta with cream sauce and seafood,53.29483532
Pasta with tomato-based sauce and beans or lentils,51.7212632
Macaroni or noodles,56.23527778
Flavored pasta,74.55806023
Yat Ga Mein with meat,19.57878818
Macaroni or pasta salad,36.88036879
Macaroni or pasta salad with egg,62.96940815
Macaroni or pasta salad with tuna,79.81801179
Macaroni or pasta salad with crab meat,6.580125361
Macaroni or pasta salad with shrimp,41.89079525
Macaroni or pasta salad with tuna and egg,32.24278785
Macaroni or pasta salad with chicken,65.67306504
Macaroni or pasta salad with cheese,68.10810008
Macaroni or pasta salad with meat,20.89652387
Noodle pudding,26.35572395
Bibimbap,36.50479544
Dukboki or Tteokbokki,84.1029442
Sushi,42.46575676
Sushi roll,9.616666197
Sushi roll tuna,88.69385028
Rice with chicken,12.66840187
Paella with meat,58.67551305
Seafood paella,18.28321907
Soupy rice with chicken,76.29234383
Soupy rice mixture with chicken and potatoes,53.36261883
Rice meal fritter,44.97870669
Stewed rice,20.93275703
Rice with squid,6.0605708
Fried rice,25.20776747
Rice with vienna sausage,60.24013679
Rice with Spanish sausage,67.93401818
Rice with onions,83.08234603
Rice with stewed beans,66.20070009
Biryani with vegetables,62.98788405
Beans and rice,82.51072168
Kidney beans and rice,22.25453992
Black beans and rice,27.43473074
Pinto beans and rice,87.31867472
Beans and white rice,34.23469375
Kidney beans and white rice,20.59439956
Black beans and white rice,78.60811406
Pinto beans and white rice,51.91165645
Beans and brown rice,49.55482057
Kidney beans and brown rice,14.4114548
Black beans and brown rice,11.31370784
Pinto beans and brown rice,28.61135684
Grape leaves stuffed with rice,67.07695904
Rice croquette,39.01412042
Stuffed pepper,23.8197045
Stuffed tomato,80.75323555
Rice pilaf,26.675396
Dirty rice,42.56160794
Flavored rice mixture,44.68537481
Flavored rice mixture with cheese,69.04034915
Flavored rice,65.98673742
Flavored rice and pasta mixture,85.05000815
Spanish rice,77.50147895
Spanish rice with ground beef,48.78957025
Rice dressing,60.39568211
Rice with raisins,85.75570975
Rice dessert or salad with fruit,40.23513164
Upma,57.08050586
Vada,74.38682657
Tabbouleh,10.79175335
Jelly sandwich,29.96531746
Lasagna with cheese and meat sauce,15.4478351
Vegetable lasagna,28.5234631
Zucchini lasagna,78.50796075
Macaroni and cheese,50.68656482
Beef and noodles with meat sauce and cheese,52.63890663
Noodles with vegetables in tomato-based sauce,35.47142126
Spaghetti and meatballs dinner,12.81912877
Spaghetti with meat and mushroom sauce,63.54244457
Spaghetti with meat sauce,41.18337434
Linguini with vegetables and seafood in white wine sauce,75.05829776
Pasta with vegetable and cheese sauce,43.98835617
Beef enchilada dinner,21.79821172
Beef enchilada,6.45819581
Cheese enchilada,36.63905333
Sausage and french toast,80.765996
Pancakes and sausage,17.79128374
Soup,79.2964187
Noodle soup,32.7221993
Rice soup,48.7142614
Barley soup,76.74734907
Beef dumpling soup,85.95729116
Beef rice soup,69.92123861
Noodle and potato soup,13.21736418
Chicken or turkey rice soup,75.92074103
Rice and potato soup,71.83927096
Matzo ball soup,10.57434943
Chicken or turkey soup with dumplings and potatoes,20.06422385
Chicken or turkey soup with dumplings,58.76796022
Instant soup,69.04066201
Wonton soup,64.93439399
Noodle soup with vegetables,35.57383727
Sopa seca,28.46556154
Sopa Seca de Fideo,22.27242204
Sopa de Fideo Aguada,41.53302667
Sopa seca de arroz,72.48076831
Sopa de tortilla,6.65830682
Macaroni,9.661514219
Macaroni with beef and tomato sauce,55.27497717
Spaghetti,29.35962756
Macaroni with vegetables,85.31209908
Meat substitute,18.71533702
Clementine,88.14116685
Grapefruit,10.95879349
Kumquat,48.72291067
Lemon,66.38322814
Lemon pie filling,72.60471173
Lime,36.04830054
Orange,32.20912795
Tangerine,41.73396012
Grapefruit juice,54.24527914
Lemon juice,61.76290216
Lime juice,21.87902799
Orange juice,28.30791181
Tangerine juice,26.4506485
Fruit juice blend,57.59614634
Fruit mixture,33.17282083
Apple,49.00876702
Apricot,66.4606175
Blueberries,9.710829793
Cherries,50.54341968
Banana chips,71.39119782
Currants,52.18529311
Cranberries,43.83148766
Date,21.80752054
Fig,39.72480299
Mango,20.24013841
Papaya,80.36234161
Peach,49.23861471
Pear,87.40662018
Persimmon,21.66387969
Pineapple,23.73123919
Prune,27.4397891
Raisins,40.6796229
Tamarind,15.89913915
Fruit,82.90322811
Applesauce,80.63041326
Apple pie filling,71.81899369
Avocado,16.56470584
Banana,68.23865552
Cantaloupe,23.88516635
Starfruit,30.16374403
Cassaba melon,68.03279388
Cherry pie filling,69.80093245
Grapes,85.85661532
Guava,32.37200886
Kiwi fruit,78.57056775
Lychee,35.66929311
Honeydew melon,25.76451983
Nectarine,87.27022577
Passion fruit,66.5796605
Plum,64.17023044
Pomegranate,22.7686986
Rhubarb,34.45855765
Watermelon,78.37568683
Berries,26.49674432
Blackberries,26.29592483
Bluberries,12.83573511
Blueberry pie filling,56.17763015
Cranberry sauce,58.82794139
Raspberries,51.47763125
Strawberries,69.44797386
Ambrosia,26.96715129
Fruit salad,83.07549057
Fruit cocktail,34.78475585
Apple salad with dressing,59.32626656
Lime souffle,58.83352384
Guacamole,56.50521935
Guacamole with tomatoes,87.67615513
Chutney,8.532553319
Pineapple salad with dressing,80.2005426
Frozen fruit juice bar,46.18297343
Sorbet,14.00318477
Fruit juice,78.28884945
Cranberry juice blend,65.65617565
Apple cider,31.33778846
Apple juice,13.84948061
Blackberry juice,26.09732741
Blueberry juice,29.94188107
Cranberry juice,81.23480099
Grape juice,78.14206918
Papaya juice,25.3178761
Passion fruit juice,27.31999351
Pineapple juice,67.2619554
Pomegranate juice,67.1173935
Prune juice,30.30996889
Strawberry juice,7.064950376
Watermelon juice,64.47327492
Fruit nectar,18.31090288
Apricot nectar,50.67542412
Banana nectar,58.4654373
Cantaloupe nectar,45.75586538
Guava nectar,52.45285239
Mango nectar,45.89121369
Peach nectar,28.16215323
Papaya nectar,51.60876437
Passion fruit nectar,56.81881315
Pear nectar,24.9388839
Soursop,9.518854057
Vinegar,62.11138409
Fruit bar,75.74814615
Tropical fruit medley,63.38865116
Apples,79.77845548
Apple-raspberry,33.61261219
Applesauce and apricots,44.02514792
Applesauce with bananas,7.221730377
Applesauce with cherries,75.29469591
Bananas,44.44450193
Bananas with apples and pears,10.53976564
Bananas with orange,84.0085648
Banana with mixed berries,39.69658072
Peaches,17.45970596
Pears,86.43078287
Prunes,72.79656947
Apples and pears,57.17781643
Pears and pineapple,82.13022983
Apple-fruit juice blend,61.35793569
Apple-banana juice,29.60610879
Apple-cherry juice,72.53278351
Apple-grape juice,87.16233405
Apple-peach juice,42.52592743
Apple-prune juice,84.86770727
Mixed fruit juice,88.02989389
Orange-apple-banana juice,60.54939816
Pear juice,81.58281702
Apple-sweet potato juice,83.48192064
Orange-carrot juice,14.32227879
Banana juice with lowfat yogurt,49.78208223
Mixed fruit juice with lowfat yogurt,53.67301141
Fruit juice and water drink,37.79955379
Plums,61.43354006
Prunes with oatmeal,7.470581725
Apricots,40.5722682
Bananas and pineapple,58.45851249
Bananas and strawberry,21.93928502
Fruit dessert,30.01475127
Fruit Supreme dessert,11.63767049
Apple yogurt dessert,31.26447034
Banana apple dessert,23.82956387
Blueberry yogurt dessert,62.85406835
Mixed fruit yogurt dessert,51.89504161
Cherry cobbler,14.87946476
Peach cobbler,12.32174327
Banana yogurt dessert,24.27240802
Cherry vanilla pudding,88.85192999
Dutch apple dessert,76.18940722
Peach yogurt dessert,65.40655894
Pineapple dessert,75.09193657
Mango dessert,50.1807569
Tutti-fruitti pudding,62.2648245
Fruit flavored snack,58.69816112
Yogurt and fruit snack,31.94122591
Apples and chicken,22.53490536
Apples with ham,51.20995261
Apples and sweet potatoes,16.40809289
Potato,52.77962147
Stewed potatoes,72.44820578
Potato only from Puerto Rican mixed dishes,55.9532334
Potato from Puerto Rican style stuffed pot roast,23.64481759
Potato from Puerto Rican beef stew,70.33615726
Potato from Puerto Rican chicken fricassee,41.66579342
Potato sticks,40.624718
Vegetable chips,36.22919587
Potato skins without topping,87.04226889
Potato skins,84.40560711
Potato patty,49.47151309
Potato tots,14.47579051
Potato salad with egg,43.95954195
Potato salad,65.29581291
Potato pancake,77.14014725
Lefse (Norwegian),83.07590383
Stewed potatoes with tomatoes,10.33917956
Potato soup,53.00844858
Potato and cheese soup,59.05971664
Potato chowder,12.34266297
Plantain soup,71.70528973
Plantain,65.98544113
Ripe plantain,84.21778694
Plantain chips,16.88764476
Green banana,85.54109265
Cassava,53.00259281
Yuca fries,29.42801757
Casabe,82.59918945
Yam,82.88680122
Yam buns; Puerto Rican style,36.69392067
Tannier,18.89998227
Celeriac,36.39131802
Dasheen,6.167090504
Taro,40.90393608
Fufu,26.48218487
Poi,58.58401068
Taro chips,81.4967919
Beet greens,62.14149384
Broccoli raab,24.86910327
Chard,9.80800518
Collards,85.85374
Cress,8.495745925
Dandelion greens,74.65122439
Romaine lettuce,25.8195675
Caesar salad,6.510766768
Escarole,20.57746924
Greens,21.28295588
Kale,28.8635179
Lambsquarter,43.7449644
Mustard cabbage,9.884369451
Mustard greens,65.54697299
Poke greens,44.14799622
Radicchio,75.97319664
Spinach,64.53972263
Spinach souffle,13.36027972
Spinach and cheese casserole,56.93639293
Palak Paneer,48.8146904
Channa Saag,39.90888912
Taro leaves,67.35597264
Thistle leaves,13.97407594
Turnip greens,22.74032717
Turrnip greens,81.170084
Watercress,20.20973751
Bitter melon,86.19338993
Sweet potato,7.115239352
Broccoli,67.10140338
Broccoli casserole with noodles,41.50806396
Broccoli casserole with rice,54.87013799
Fried broccoli,62.71749167
Broccoli soup,34.25178612
Broccoli cheese soup,52.96206397
Watercress broth with shrimp,40.20710727
Spinach soup,69.82035373
Dark-green leafy vegetable soup with meat,60.77938731
Dark-green leafy vegetable soup,68.56434552
Carrots,16.31766457
Beet juice,30.89846922
Carrot juice,56.33167527
Peas and carrots,19.27829892
Pumpkin,38.24374841
Calabaza,68.80871374
Sweet potato and pumpkin casserole,12.56147
Winter squash,11.29221414
Squash fritter or cake,76.69215532
Squash,52.15803022
Sweet potato fries,18.15559632
Sweet potato chips,73.58623181
Sweet potato tots,34.9371212
Carrot soup,25.45486174
Carrot with rice soup,9.226114102
Tomatoes,85.28375871
Fried green tomatoes,44.29949013
Tomato,64.6945405
Sun-dried tomatoes,67.91385236
Tomato juice,29.33851024
Tomato juice cocktail,59.41969073
Tomato and vegetable juice,53.76091909
Ketchup,24.57627697
Tomato chili sauce,21.7185314
Salsa,46.92638382
Taco sauce,81.28827759
Enchilada sauce,12.17385287
Salsa verde or salsa,9.215397082
Hot Thai sauce,68.77469395
Spaghetti sauce,8.811810311
Spaghetti sauce with added vegetables,33.2525849
Vodka sauce with tomatoes and cream,50.99024687
Barbecue sauce,63.28176484
Buffalo sauce,13.07818935
Steak sauce,80.02592012
Cocktail sauce,56.59462957
Puerto Rican seasoning with ham,87.1847722
Puerto Rican seasoning with ham and tomato sauce,41.32470505
Puerto Rican seasoning without ham and tomato sauce,23.83649402
Tomato aspic,56.6181664
Tomato and cucumber salad made with tomato,71.79169264
Tomato soup,45.62738293
Tomato beef soup,57.77533784
Tomato beef noodle soup,65.59034425
Tomato beef rice soup,45.37521442
Tomato noodle soup,10.52552771
Tomato rice soup,39.93782846
Tomato vegetable soup,46.97792229
Tomato vegetable soup with noodles,33.0188879
Tomato sandwich,12.42549319
Raw vegetable,9.433431329
Sprouts,36.0803351
Alfalfa sprouts,7.78521347
Artichoke,84.62051483
Asparagus,77.78218163
Bean sprouts,50.78521308
Green beans,56.77595831
Beets,65.42328301
Broccoflower,43.11996955
Brussels sprouts,85.60724632
Cabbage,88.28524631
Cactus,28.92463396
Cauliflower,56.41003213
Celery,62.35939147
Fennel bulb,81.40803393
Basil,45.53498198
Chives,31.19199857
Cilantro,78.12733624
Corn,48.23229277
Cucumber,68.09070472
Eggplant,36.46917776
Garlic,26.25639952
Jicama,41.50275857
Kohlrabi,26.10998156
Leek,22.20521569
Lettuce,71.8803842
Mixed salad greens,72.25907711
Mushrooms,43.37986426
Onions,32.158931
Parsley,20.07973085
Green peas,62.60560856
Pepper,76.67826467
Radish,67.08406185
Rutabaga,59.77879624
Seaweed,65.14439191
Snowpeas,25.67928409
Summer squash,83.07265338
Turnip,13.89397156
Mixed vegetable juice,85.58417499
Celery juice,12.59042956
Broccoli salad with cauliflower,32.46392601
Broccoli slaw salad,39.49430193
Cabbage salad or coleslaw,38.91904101
Cabbage salad or coleslaw with apples and/or raisins,34.96907601
Cabbage salad or coleslaw with pineapple,55.89127455
Cucumber and vegetable namasu,47.34526182
Cucumber salad,50.42164562
Cucumber salad made with cucumber and vinegar,70.05808968
Seven-layer salad,21.5877801
Greek Salad,54.33227591
Spinach salad,88.97035761
Cobb salad,70.60696751
Aloe vera juice drink,9.913893024
Artichokes,24.02475917
Bamboo shoots,15.86889815
Fried green beans,66.86108126
Yellow string beans,59.26898675
Breadfruit,15.52919898
Burdock,34.50457296
Christophine,34.29814337
Flowers or blossoms of sesbania,58.05048236
Hominy,87.71910177
Lotus root,80.32219627
Mushroom,30.09786288
Okra,63.06832716
Luffa,40.72489491
Palm hearts,78.00902416
Parsnips,65.2826443
Peppers,43.23182365
Hot peppers,82.51290975
Pimiento,48.31476386
Daikon radish,81.98876671
Salsify,10.89470837
Sauerkraut,32.20736292
Snowpea,31.978134
Spaghetti squash,37.74428031
Water Chesnut,82.01519867
Winter melon,24.99357544
Yeast,21.5406176
Yeast extract spread,51.58461081
Lima beans and corn,84.68473477
Bean salad,24.76607215
Peppers and onions,75.667087
Classic mixed vegetables,74.35776034
Peas and corn,46.31914006
Ratatouille,15.9275043
Vegetables,14.22133812
Broccoli and cauliflower,58.05638603
Asian stir fry vegetables,36.63610994
Jai,8.681083888
Vegetable mixture,53.56849785
Green bean casserole,65.14787153
Fried cauliflower,26.7533464
Chiles rellenos,72.42246582
Stuffed jalapeno pepper,86.35483629
Corn fritter,55.5692919
Fried eggplant,37.79729556
Eggplant dip,83.69136167
Eggplant parmesan casserole,50.32725571
Eggplant with cheese and tomato sauce,31.33498429
Fried mushrooms,52.37173506
Fried okra,15.4945463
Fried onion rings,13.58870495
Pea salad,87.81271855
Pea salad with cheese,71.81508044
Fried summer squash,8.760171316
Creamed christophine,21.90733966
Vegetable stew without meat,61.742623
Vegetable tempura,47.1310298
Pakora,70.68654537
Vegetable curry,82.93732012
Vegetable curry with rice,61.79123075
Relish,60.71661147
Kimchi,36.88189277
Pickles,52.99138915
Ginger root,57.73444649
Horseradish,8.896234638
Mustard,7.234042428
Honey mustard dip,44.23461637
Olives,12.36911561
Olive tapenade,78.14545057
Hot pepper sauce,61.59442622
Radishes,23.81500173
Wasabi paste,35.65121771
Zucchini,81.92330674
Asparagus soup,55.4800653
Borscht,7.047933395
Cabbage soup,41.78105712
Cabbage with meat soup,76.54103573
Celery soup,48.91414217
Corn soup,17.82246343
Gazpacho,12.22646876
Leek soup,85.00798964
Mushroom soup,38.53942469
Mushroom with chicken soup,49.94576184
Onion soup,29.72031732
Pea soup,26.75219895
Vegetable soup,29.26343583
Zucchini soup,84.4010555
Shav soup,65.35465082
Seaweed soup,15.49137232
Vegetable noodle soup,17.93026581
Minestrone soup,87.02850416
Vegetable beef soup,88.19465591
Vegetable beef noodle soup,49.08808529
Vegetable rice soup,21.11165575
Vegetable beef soup with rice,41.84622651
Vegetable chicken rice soup,61.52807991
Vegetable soup with chicken broth,40.22342581
Vegetable beef soup with noodles or pasta,17.57506379
Vegetarian vegetable soup,62.49384083
Vegetable broth,52.3480978
Carrots and peas,61.67579271
Squash and corn,84.54920227
Corn and sweet potatoes,32.79478382
Sweet potatoes,47.35314403
Green beans and potatoes,28.34833281
Mixed vegetables,32.61031672
Peas,74.31031249
Potatoes,33.73963144
Vegetables and rice,22.39305661
Peas and brown rice,66.01261667
Carrots and beef,53.90164949
Vegetable and beef,75.8381688
Broccoli and chicken,9.38786956
Sweet potatoes and chicken,8.479866723
Vegetable and chicken,41.80409452
Potatoes with cheese and broccoli,61.11373998
Vegetable and turkey,50.88537807
Fried stuffed potatoes,56.41333758
Potato and ham fritters,51.11867658
Potato chicken pie,23.26486398
Green plantain with cracklings,73.5477594
Ripe plantain fritters,34.7845847
Ripe plantain meat pie,55.155921
Cassava Pasteles,28.53584331
Cassava fritter stuffed with crab meat,42.26977624
Stuffed tannier fritters,82.84422104
Puerto Rican pasteles,78.83003875
Stuffed cabbage,28.97164461
Eggplant and meat casserole,86.32061039
Spanish stew,49.30412982
Puerto Rican stew,19.39895353
Vegetable and fruit juice,44.75557806
Fruit and vegetable smoothie,31.74140953
Vegetable smoothie,32.36100847
Table fat,8.246224965
Butter,27.44193971
Margarine,19.89034164
Margarine-oil blend,88.49665971
Butter replacement,78.8049592
Butter-oil blend,62.44596264
Oil or table fat,17.9322777
Animal fat or drippings,82.99355215
Lard,70.74649816
Shortening,57.41702509
Ghee,22.03960435
Garlic sauce,16.0303152
Lemon-butter sauce,21.91375018
Hollandaise sauce,81.23169918
Tartar sauce,68.80844024
Horseradish sauce,61.80092583
Pesto sauce,87.11224376
Fry sauce,66.95412981
Curry sauce,21.19169128
Honey butter,24.80282078
Vegetable oil,48.49780543
Almond oil,66.77958762
Coconut oil,50.22699917
Corn oil,64.30920598
Cottonseed oil,26.50545899
Flaxseed oil,33.89768923
Olive oil,50.68444286
Peanut oil,54.34573423
Canola oil,14.23552668
Safflower oil,85.21159006
Sesame oil,66.86559378
Soybean oil,56.6002102
Sunflower oil,8.417534232
Walnut oil,54.31853192
Wheat germ oil,29.7535071
Salad dressing,76.71373616
Blue or roquefort cheese dressing,9.734217722
Bacon and tomato dressing,58.33404826
Caesar dressing,58.78346966
Coleslaw dressing,36.39002564
French or Catalina dressing,36.46657518
Honey mustard dressing,47.4400521
Italian dressing,46.96935432
Mayonnaise,44.42125167
Vegan mayonnaise,86.80761451
Russian dressing,64.33630642
Mayonnaise-type salad dressing,45.72099243
Avocado dressing,83.84593882
Creamy dressing,24.11711468
Poppy seed dressing,35.42746628
Sesame dressing,39.71967984
Thousand Island dressing,28.93255881
Yogurt dressing,49.89255387
Korean dressing or marinade,80.20228371
Cream sauce,54.73134472
Soy based sauce,23.55695131
Tomato sauce,56.70166231
Sugar,42.39613906
Sugar substitute and sugar blend,75.7224337
Sugar substitute,28.78745477
Syrup,26.64686827
Pancake syrup,14.85731144
Corn syrup,72.4189413
Blueberry syrup,33.45003283
Chocolate syrup,23.69113225
Simple syrup,36.54466819
Strawberry drink syrup,12.15556336
Honey,8.243237497
Agave liquid sweetener,6.675338446
Molasses,51.21608423
Topping,57.68521579
Icing,38.19209099
Caramel dip,50.75309042
Chocolate dip,11.01536094
Dessert dip,81.66137054
Sweet and sour sauce,69.85732445
Dessert sauce,80.66689736
Duck sauce,88.45975794
Jelly,62.35122209
Jam,27.31950486
Fruit butter,24.90626268
Marmalade,57.50553219
Guava paste,15.82310657
Sweet potato paste,71.46456705
Bean paste,59.9778412
Gelatin dessert,78.07594231
Gelatin dessert with fruit,53.49537127
Gelatin salad with vegetables,12.32648481
Yokan,73.70457566
Coconut cream cake,84.46592242
Haupia,80.612622
Italian Ice,71.35000042
Popsicle,55.64612679
Freezer pop,85.91962273
Snow cone,63.75006834
Candy,7.643668415
M&M's Almond Chocolate Candies,46.7875229
Butterscotch morsels,69.67300678
Caramel,64.81319841
Caramel candy,88.33864016
Caramel with nuts and cereal,74.06688591
Caramel with nuts,58.06007765
Rolo,79.78657763
Toblerone,74.24977852
TWIX Caramel Cookie Bars,55.7370185
TWIX Chocolate Fudge Cookie Bars,34.94205187
TWIX Peanut Butter Cookie Bars,62.40085021
Whatchamacallit,10.31076564
Espresso coffee beans,13.52847333
Milk chocolate candy,21.44525913
Kit Kat,66.02902642
Chocolate,32.50987337
Chocolate candy with fondant and caramel,12.65960675
Kit Kat White,31.21816758
Mexican chocolate,77.73447603
Coconut candy,29.46283373
Fondant,55.24777818
Fruit peel,86.2619966
Date candy,34.43979404
Soft fruit confections,41.02339525
Fruit leather and fruit snacks candy,15.62481353
Fun Fruits Creme Supremes,13.88754432
Tamarind candy,34.5696589
Fruit snacks candy,58.52756243
Yogurt covered fruit snacks candy,39.46784168
Yogurt covered fruit snacks candy rolls,73.43925883
Gumdrops,68.85700001
Fudge,51.59617224
SNICKERS Bar,60.24019538
Baby Ruth,36.85004058
100 GRAND Bar,23.43223595
Halvah,43.05634371
Honey-combed hard candy with peanut butter,17.75114383
Butterfinger,15.92760139
Butterfinger Crisp,57.30534663
Chocolate-flavored sprinkles,80.83962198
Ladoo,31.08845379
Licorice,62.46279299
Marshmallow,18.23702075
Nougat,48.25405509
MILKY WAY Bar,57.6166756
MILKY WAY MIDNIGHT Bar,17.1797708
MARS Almond Bar,86.42503181
3 MUSKETEERS Bar,87.64642805
3 Musketeers Truffle Crisp Bar,65.35179304
Nut roll,31.34279785
Sugared pecans,61.71051492
M&M's Peanut Chocolate Candies,67.21303504
M&M's Peanut Butter Chocolate Candies,57.07721421
Peanut bar,27.4463097
Planters Peanut Bar,73.8535227
Peanut brittle,30.31474681
Reese's Peanut Butter Cup,40.12957464
Reese's Pieces,6.382265918
Reese's Sticks,35.54160298
Reese's Fast Break,47.44074202
Reese's Crispy Crunchy Bar,88.76470819
Peanut butter morsels,23.19394605
Pralines,76.40082867
Pineapple candy,67.87006997
Sesame Crunch,50.09112607
Hard candy,87.19993092
Butterscotch hard candy,39.00999226
Skittles,76.42734353
Sugar-coated chocolate discs,88.86236631
M&M's Milk Chocolate Candies,16.85526452
Sixlets,30.79812613
Easter egg,88.51686653
M&M's Pretzel Chocolate Candies,49.56646821
Taffy,22.27036222
Toffee,68.65121998
Truffles,22.05617237
Wax candy,26.15595892
Dietetic or low calorie candy,46.60713436
Dietetic or low calorie gumdrops,52.89863066
Dietetic or low calorie hard candy,14.20958346
Dietetic or low calorie mints,55.63988658
Chewing gum,66.60764067
Coffee,41.89096699
Frozen coffee drink,87.29077266
Frozen mocha coffee drink,86.13161973
Iced Coffee,11.88231831
Coffee and chicory,76.59796565
Coffee substitute,56.62868857
Chicory beverage,15.27435472
Cereal beverage,80.5030775
Cereal beverage with beet roots,51.9947525
Tea,60.40225989
Corn beverage,69.20677587
Iced Tea / Lemonade juice drink,58.2032489
Soft drink,57.51474921
Carbonated water,18.4359556
Fruit juice drink,69.40981114
Tamarind drink,20.18825888
Fruit punch,86.75810428
Lemonade,27.94810696
Fruit flavored drink,13.52901658
Fruit juice beverage,49.65456489
Frozen daiquiri mix,11.5690498
Pina Colada,61.99676868
Margarita mix,38.08204579
Slush frozen drink,35.82055153
Cranberry juice drink,50.28809747
Vegetable and fruit juice drink,74.13991083
Fruit juice drink (Sunny D),47.99781448
Grape juice drink,50.32424116
Orange juice beverage,9.541598597
Apple juice beverage,44.96591992
Pomegranate juice beverage,77.29533706
Fruit juice drink (Capri Sun),81.5318529
Horchata beverage,48.20884617
Oatmeal beverage with water,62.34374347
Oatmeal beverage with milk,45.9019339
Sugar cane beverage,56.5184787
Cornmeal beverage,80.62756245
Cornmeal beverage with chocolate milk,64.59843022
Wine,56.58965415
Nonalcoholic malt beverage,10.13579615
Shirley Temple,27.41869344
Sports drink,30.86432955
Beer,86.18396958
Alcoholic malt beverage,61.74965072
Hard cider,20.39885191
Cordial or liqueur,87.46102706
Cocktail,65.97808202
Alexander,53.8495054
Bacardi cocktail,84.57480099
Bloody Mary,20.05104716
Canadian Club and soda,68.15688882
Cape Cod,20.61169369
Daiquiri,44.06342949
Gelatin shot,11.92799178
Gimlet,60.00322784
Gin and Tonic,56.47041554
Grasshopper,88.08795054
Greyhound,85.01296856
High ball,17.78355167
Jagerbomb,67.09640921
Kamikaze,51.31657228
Manhattan,41.19441484
Margarita,55.86728727
Martini,77.80592986
Mimosa,8.60888986
Mint julep,27.50378636
Mojito,48.26974933
Old fashioned,13.81701208
Orange Blossom,63.17020497
Rob Roy,21.6278537
Rusty Nail,70.78757331
Salty Dog,11.66319273
Screwdriver,12.97139865
Seabreeze,70.79859332
Seven and Seven,26.6857686
Tom Collins,66.34143423
Whiskey sour,58.81291982
Whiskey and soda,19.79091582
Whiskey and water,80.87690109
Whiskey and cola,35.76673089
Whiskey and diet cola,6.876731843
Whiskey and ginger ale,12.81279095
Rum and cola,48.53936907
Rum and diet cola,15.72403923
Brandy and cola,68.97943215
Vodka and soda,42.45375981
Vodka and lemonade,77.65314016
Vodka and cola,22.89301737
Vodka and diet cola,28.26187783
Vodka and energy drink,86.26001338
Vodka and water,50.80999849
Vodka and tonic,34.15973834
Sloe gin fizz,81.76311725
Black Russian,48.78999026
White Russian,53.45313154
Champagne punch,79.06539242
Singapore Sling,53.29343205
Stinger,82.91663536
Mai Tai,26.28309972
Tequila Sunrise,37.95795103
Gin Rickey,77.48185441
Golden Cadillac,23.20236293
Long Island iced tea,32.32721879
Fuzzy Navel,39.80422296
Irish Coffee,43.96283546
Liqueur with cream,6.220869469
Frozen daiquiri,25.58598673
Frozen margarita,77.73762126
Gin fizz,81.99590266
Rum,50.73184268
Zombie,34.51839228
Wine cooler,62.93437928
Sangria,48.74162232
Wine spritzer,43.1011717
Glug,22.40057451
Brandy,14.40957192
Whiskey,79.20666332
Scotch,49.29604964
Gin,16.87878262
Rum cooler,26.63622755
Vodka,35.89069833
Tequila,52.83800314
Water,84.40590693
Nutritional drink or shake,77.34307949
Nutritional powder mix (Carnation Instant Breakfast),38.17883612
Nutritional powder mix,10.43478402
Nutritional powder mix (EAS Whey Protein Powder),31.0955511
Nutritional powder mix (EAS Soy Protein Powder),74.7122664
Nutritional powder mix (Isopure),29.03581602
Nutritional powder mix (Kellogg's Special K20 Protein Water),10.85045465
Nutritional powder mix (Muscle Milk),51.09749499
Nutritional powder mix (Slim Fast),59.66955228
Energy drink (Full Throttle),21.63079369
Energy drink (Monster),80.55564308
Energy drink (Mountain Dew AMP),8.879047867
Energy drink (No Fear),51.15182254
Energy drink (No Fear Motherload),14.79831197
Energy drink (NOS),19.44975516
Energy drink (Red Bull),66.23921772
Energy drink (Rockstar),17.50955734
Energy drink (SoBe Energize Energy Juice Drink),70.96759339
Energy drink (Vault),37.4534151
Energy Drink,51.88360576
Energy drink (Ocean Spray Cran-Energy Juice Drink),19.70154092
Energy drink (XS),7.431600343
Energy drink (XS Gold Plus),13.82511629
Sports drink (Gatorade G),32.749902
Sports drink (Powerade),30.84976169
Fluid replacement,53.35581643
Cheese as ingredient in sandwiches,50.92056966
Breakfast meat as ingredient in omelet,85.86676683
Fish fillet,29.2184931
Breading or batter as ingredient in food,42.12331356
Wheat bread as ingredient in sandwiches,15.92670379
Wheat bun as ingredient in sandwiches,31.94771982
Green pepper,61.34296333
Red pepper,43.17061926
Dark green vegetables as ingredient in omelet,88.51487972
Tomatoes as ingredient in omelet,49.00143439
Other vegetables as ingredient in omelet,60.47040376
Vegetables as ingredient in curry,65.90711177
Sauce as ingredient in hamburgers,71.79544238
Industrial oil as ingredient in food,44.25250606